country,region,in_ajr64,colonizer,religion,ever_colonized,protestant,catholic,edu_1900_cohort_lsec,edu_1925_cohort_lsec,edu_1950,edu_1975,edu_2000,edu_2020,edu_female_1950,primary_1950,log_gdp_1960,log_gdp_2020,le_1960,le_2020,tfr_1960,tfr_2020,u5mr_1960,u5mr_2015,polity2_avg_1980_2010,polity2_avg_1995_2010,polity2_2015,crossing_year,edu_at_cross
Afghanistan,South Asia,False,,muslim,False,0,0,0.0,0.0,0.34,6.31,8.91,30.58,0.17,3.45,,6.268782889906585,32.799,61.454,7.282,5.145,357.0,70.4,-4.916666666666667,-5.833333333333333,-1.0,,
Albania,Europe & Central Asia,False,,muslim,False,0,0,0.0,0.1,21.38,88.62,95.01,99.06,12.37,59.72,,8.513309056922713,56.413,77.824,6.383,1.371,188.0,9.6,1.096774193548387,6.5625,9.0,1980.0,94.27
Algeria,Middle East & North Africa,True,France,catholic,True,0,1,0.0,0.02,1.42,27.63,74.2,83.91,0.34,3.56,7.778387371520769,8.381072240320343,40.839,73.257,7.503,2.94,243.0,24.9,-3.903225806451613,-0.8125,2.0,1999.0,71.664
Angola,Sub-Saharan Africa,True,Portugal,catholic,True,0,1,0.01,0.07,0.89,6.29,13.12,41.12,0.5,5.37,,7.960030902189811,37.933,63.116,6.708,5.371,308.0,88.1,-4.483870967741935,-3.4375,-2.0,,
Argentina,Latin America & Caribbean,True,Spain,catholic,True,0,1,4.82,8.33,15.12,40.81,61.69,101.02,14.21,59.17,8.908844615731065,9.340758851660782,64.242,75.878,3.136,1.601,73.3,11.5,6.096774193548387,7.75,9.0,1985.0,50.37
Armenia,Europe & Central Asia,False,,orthodox,False,0,0,0.0,0.42,58.47,98.68,99.04,99.22,56.55,91.19,,8.302040238815147,59.063,73.37561,4.786,1.7,113.0,14.4,3.9,3.375,5.0,1999.0,99.06
Aruba,Other,False,,unknown,False,0,0,0.13,1.55,18.61,56.43,73.57,82.86,11.97,45.41,,10.03143606681283,64.049,75.406,4.567,1.662,,,,,,1976.0,57.62800000000001
Australia,East Asia & Pacific,True,Britain,protestant,True,1,0,3.14,19.14,60.13,92.99,98.49,127.19,57.47,94.7,9.901336166964898,10.97469039516685,70.817073,83.2,3.453,1.581,24.9,3.87,10.0,10.0,10.0,1960.0,76.26
Austria,Europe & Central Asia,False,,catholic,False,0,1,37.13,48.93,61.91,92.84,98.02,128.99,54.44,99.96,9.383851911955052,10.678875753032724,68.58561,81.192683,2.69,1.44,42.8,3.71,10.0,10.0,10.0,1964.0,81.296
Azerbaijan,Europe & Central Asia,False,,muslim,False,0,0,1.04,18.26,67.69,97.44,99.37,99.52,60.39,89.16,,8.534541874566575,50.862,70.312,5.878,1.7,140.0,26.3,-5.85,-6.8125,-7.0,2009.0,99.34
Bahamas,Latin America & Caribbean,True,Britain,protestant,True,1,0,0.53,7.0,36.16,83.12,96.59,99.33,34.59,64.65,9.840475851082608,10.118263008599977,62.454,72.994,5.093,1.386,35.6,11.2,,,,1983.0,92.718
Bahrain,Middle East & North Africa,False,Britain,muslim,True,0,0,0.01,0.66,13.27,49.59,59.51,106.35,5.03,18.55,,10.06844806465872,50.634,78.683,7.262,1.86,199.0,7.57,-8.741935483870968,-7.6875,-10.0,1991.0,53.53800000000001
Bangladesh,South Asia,True,Britain,protestant,True,1,0,1.16,3.12,7.3,16.32,31.46,61.93,1.45,16.77,6.062385860288731,7.3806708662348335,43.98,71.421,6.742,2.175,260.0,36.1,1.064516129032258,4.375,1.0,2014.0,51.002
Belarus,Europe & Central Asia,False,,orthodox,False,0,0,0.03,4.78,41.09,98.97,99.68,99.96,38.63,94.1,,8.740654930503348,69.25461,72.138561,2.67,1.369,45.7,4.03,-3.95,-6.5625,-7.0,1964.0,84.646
Belgium,Europe & Central Asia,False,,catholic,False,0,1,3.21,13.36,41.18,82.26,94.18,120.55,40.03,87.51,9.368695927708659,10.615677802564953,69.701951,80.695122,2.54,1.55,33.9,3.99,9.741935483870968,9.5,8.0,1961.0,59.496
Belize,Latin America & Caribbean,False,Britain,protestant,True,1,0,0.48,2.47,8.56,25.99,45.93,86.82,7.61,49.39,7.350213059104857,8.518489257759285,57.389,71.58,6.5,2.04,137.0,15.3,,,,2003.0,48.966
Benin,Sub-Saharan Africa,False,France,catholic,True,0,1,0.0,0.02,0.88,8.21,12.35,45.25,0.45,3.76,6.48602817039454,7.027007493533147,38.775,60.154,6.282,4.795,311.0,99.9,1.7419354838709677,6.3125,7.0,,
Bhutan,South Asia,False,,buddhist,False,0,0,0.0,0.01,0.54,8.17,31.11,74.46,0.17,0.74,,8.036613604242321,36.367,72.253,6.704,1.502,341.0,33.3,-8.258064516129032,-6.625,5.0,2013.0,62.456
Bolivia (Plurinational State of),Latin America & Caribbean,True,Spain,catholic,True,0,1,0.76,5.21,17.72,35.35,63.95,108.8,13.98,26.32,7.152242052227745,7.924829446124786,43.338,62.906,6.273,2.651,291.0,30.8,7.451612903225806,8.375,7.0,,
Bosnia and Herzegovina,Europe & Central Asia,False,,muslim,False,0,0,0.0,0.71,29.12,79.54,97.4,113.36,16.26,51.09,,8.61082080486299,58.53,76.04,3.963,1.515,148.0,6.14,,,,1981.0,88.042
Botswana,Sub-Saharan Africa,False,Britain,protestant,True,1,0,0.0,0.03,1.36,16.56,56.3,110.46,1.03,3.38,5.975999939085652,8.741016201765868,51.22,67.643,6.595,2.861,170.0,40.7,7.225806451612903,7.875,8.0,,
Brazil,Latin America & Caribbean,True,Portugal,catholic,True,0,1,1.55,5.59,14.14,38.11,63.77,90.7,14.37,34.85,7.864619159440966,9.040146235287539,53.162,74.506,6.051,1.653,169.0,15.7,6.064516129032258,8.0,8.0,2001.0,64.97
Bulgaria,Europe & Central Asia,False,,orthodox,False,0,0,4.38,27.08,68.58,95.27,94.25,106.35,63.13,93.57,,9.040747427233537,69.247561,73.356098,2.31,1.77,66.8,8.18,3.6774193548387095,8.625,9.0,1961.0,85.578
Burkina Faso,Sub-Saharan Africa,True,France,catholic,True,0,1,0.0,0.01,0.38,3.71,10.83,13.86,0.13,0.75,5.4978534740631835,6.57066189869113,36.074,60.454,6.248,4.44,343.0,86.8,-3.967741935483871,-1.625,6.0,,
Burundi,Sub-Saharan Africa,False,Belgium,catholic,True,0,1,0.0,0.04,0.29,2.25,9.05,18.4,0.02,5.08,5.531389196987129,5.573916265604189,43.262,62.569,7.003,5.177,254.0,67.0,-1.5806451612903225,2.0625,-1.0,,
Cambodia,East Asia & Pacific,False,France,catholic,True,0,1,0.03,0.4,3.36,10.12,36.34,44.11,1.15,13.8,,7.554143226011155,42.134,70.059,6.313,2.699,256.0,32.0,0.3181818181818182,1.3125,2.0,2017.0,40.816
Cameroon,Sub-Saharan Africa,True,France,catholic,True,0,1,0.06,0.5,2.9,15.58,36.4,59.39,1.75,17.95,6.841294864189529,7.268584975869207,34.667,61.674,5.725,4.557,276.0,85.8,-5.774193548387097,-5.0,-5.0,,
Canada,North America,True,Britain,protestant,True,1,0,38.75,80.11,85.06,93.14,97.07,147.7,85.09,93.29,9.644229123649172,10.654104466729319,71.133171,81.535122,3.811,1.41,32.6,5.28,10.0,10.0,10.0,1963.0,83.286
Cape Verde,Other,False,,unknown,False,0,0,0.0,0.06,1.23,12.72,30.64,71.04,0.59,8.62,,8.088235159977678,48.713,73.818,6.885,1.591,231.0,21.5,4.612903225806452,9.25,10.0,2003.0,40.396
Central African Republic,Sub-Saharan Africa,False,France,catholic,True,0,1,0.7,1.99,4.64,8.64,14.18,17.97,0.52,9.88,6.355924294927083,5.988545977223295,39.572,50.596,5.948,6.059,282.0,129.0,-1.5161290322580645,2.0,0.0,,
Chad,Sub-Saharan Africa,False,France,catholic,True,0,1,0.01,0.08,0.6,3.83,11.69,21.89,0.23,4.25,6.687220666425625,6.785565658325546,39.216,53.082,6.25,6.346,293.0,130.0,-2.096774193548387,-1.0,-1.0,,
Chile,Latin America & Caribbean,True,Spain,catholic,True,0,1,7.41,19.66,24.49,61.17,91.88,120.13,24.7,50.24,8.077969585641059,9.447704253735399,57.216,79.349,4.697,1.307,157.0,7.89,4.516129032258065,9.0,10.0,1981.0,74.964
China,East Asia & Pacific,False,,none,False,0,0,0.0,0.25,9.95,47.09,86.1,127.68,3.97,31.98,5.48640831501575,9.266119580160227,33.419,78.019,4.451,1.236,309.0,10.7,-7.0,-7.0,-7.0,1994.0,79.244
Colombia,Latin America & Caribbean,True,Spain,catholic,True,0,1,2.13,4.55,11.23,31.77,59.22,106.12,10.23,38.24,7.581326669956284,8.681343179454538,56.609,74.757,6.735,1.694,136.0,15.7,7.612903225806452,7.0,7.0,1995.0,51.28
Comoros,Sub-Saharan Africa,False,France,muslim,True,0,0,0.0,0.05,0.62,9.85,31.86,58.08,0.16,1.65,,7.215023960546909,40.777,65.756,6.792,4.071,325.0,74.9,1.096774193548387,4.625,9.0,,
Congo,Sub-Saharan Africa,True,France,catholic,True,0,1,0.0,0.01,1.21,28.65,39.11,46.6,1.25,7.57,7.084105849028773,7.453278169758376,47.595,64.391,6.085,4.329,183.0,54.9,-4.0,-4.0,-4.0,,
Costa Rica,Latin America & Caribbean,True,Spain,catholic,True,0,1,2.15,5.02,14.61,37.87,50.31,73.24,14.54,37.52,8.191299380869935,9.412645086420058,63.463,79.725,6.712,1.448,106.0,9.05,10.0,10.0,10.0,1980.0,43.3
Cote d'Ivoire,Other,False,,unknown,False,0,0,0.01,0.09,1.16,9.53,17.96,38.37,0.17,2.4,7.309993498280255,7.628072410749679,37.244,60.14,7.691,4.461,318.0,90.0,,,,,
Croatia,Europe & Central Asia,False,,catholic,False,0,1,38.95,51.62,55.98,92.9,98.86,110.47,46.63,85.87,,9.513808790488572,65.746488,77.52439,2.239,1.48,70.3,4.88,3.15,4.6875,9.0,1973.0,91.548
Cuba,Latin America & Caribbean,False,Spain,catholic,True,0,1,4.57,7.76,20.3,74.27,91.52,97.39,17.44,55.32,,8.889072299712167,63.316,77.407,4.129,1.489,49.0,5.38,-7.0,-7.0,-7.0,1974.0,72.56599999999999
Curaçao,Other,False,,unknown,False,0,0,2.01,14.54,42.91,80.34,89.53,90.79,42.12,74.52,,9.605753103420682,65.406,76.501,5.13,1.4,,,,,,1976.0,80.988
Cyprus,Europe & Central Asia,False,Britain,protestant,True,1,0,4.85,8.74,17.47,68.67,94.48,98.07,12.96,63.39,,10.199721091525065,63.32,81.23,3.393,1.361,57.2,2.74,10.0,10.0,10.0,1975.0,68.67
Czech Republic,Other,False,,unknown,False,0,0,92.08,96.59,98.17,99.04,99.31,113.5,97.74,99.14,,9.864390473399848,70.34878,78.226829,2.09,1.74,28.4,3.15,9.722222222222221,9.6875,9.0,1960.0,98.86
Democratic People's Republic of Korea,East Asia & Pacific,False,Japan,none,True,0,0,0.0,1.4,30.86,99.9,99.97,99.97,26.9,86.65,,,55.814,72.783,3.568,1.821,117.0,21.1,-9.548387096774194,-10.0,-10.0,1988.0,99.97
Democratic Republic of the Congo,Sub-Saharan Africa,True,Belgium,catholic,True,0,1,0.16,1.49,8.17,30.48,48.15,59.66,0.49,14.32,7.172304430997381,6.154545837201392,40.752,60.428,6.105,6.206,274.0,97.4,-2.3548387096774195,2.0625,5.0,,
Denmark,Europe & Central Asia,False,,protestant,False,1,0,99.87,99.88,99.86,99.41,99.4,107.14,99.8,99.87,9.771140970774503,10.931937636223992,72.176585,81.602439,2.57,1.68,25.0,4.22,10.0,10.0,10.0,1960.0,99.8
Dominican Republic,Latin America & Caribbean,True,Spain,catholic,True,0,1,1.67,5.67,12.27,36.26,63.84,83.22,11.96,17.9,7.226723222598034,8.90867747851525,51.705,72.636,7.555,2.329,147.0,31.3,6.451612903225806,7.8125,8.0,1997.0,60.498000000000005
Ecuador,Latin America & Caribbean,True,Spain,catholic,True,0,1,1.0,3.74,10.02,33.69,56.76,76.38,10.36,31.39,7.779751344836058,8.585914703261825,53.396,72.004,6.721,1.967,177.0,15.1,7.838709677419355,6.75,5.0,1993.0,53.542
Egypt,Middle East & North Africa,True,Britain,protestant,True,1,0,0.45,2.27,8.15,28.14,60.94,104.29,3.49,10.76,6.626274110458536,8.235060884885291,44.436,69.79,6.793,2.85,315.0,23.6,-5.419354838709677,-4.875,-4.0,2014.0,75.89800000000001
El Salvador,Latin America & Caribbean,True,Spain,catholic,True,0,1,0.22,1.4,6.32,23.67,51.28,69.73,5.45,13.74,,8.244999079957505,48.292,70.244,6.618,1.819,185.0,15.3,5.838709677419355,7.125,8.0,2007.0,57.651999999999994
Equatorial Guinea,Sub-Saharan Africa,False,Spain,catholic,True,0,1,0.0,0.04,2.72,20.9,26.16,41.01,0.21,21.59,,8.62609466517572,42.742,62.141,5.653,4.346,298.0,94.2,-6.32258064516129,-5.9375,-6.0,,
Estonia,Europe & Central Asia,False,,protestant,False,1,0,0.14,7.61,64.02,98.42,98.15,120.85,64.23,98.49,,9.900831312702593,68.749268,78.595122,1.98,1.58,45.1,3.18,7.7,8.125,9.0,1964.0,93.024
Ethiopia,Sub-Saharan Africa,True,,none,False,0,0,0.1,0.26,0.57,2.74,8.97,19.62,0.15,1.74,,6.64470783239888,39.615,65.969,6.514,4.274,276.0,63.5,-2.8125,-0.5,-3.0,,
Fiji,East Asia & Pacific,False,Britain,protestant,True,1,0,0.25,1.82,11.05,40.98,78.12,89.56,9.34,42.12,7.666222421681337,8.459801935670717,58.602,66.924,6.364,2.357,77.0,24.6,3.4516129032258065,2.6875,2.0,,
Finland,Europe & Central Asia,False,,protestant,False,1,0,1.04,6.68,30.25,78.74,99.77,103.84,31.02,99.92,9.319533608895258,10.707526972991552,68.819756,81.931707,2.72,1.37,26.9,2.2,10.0,10.0,10.0,1970.0,69.52
France,Europe & Central Asia,False,,catholic,False,0,1,3.07,8.98,33.78,72.74,92.72,130.22,32.6,96.78,9.285088165778944,10.483163766271534,69.868293,82.17561,2.85,1.83,28.5,4.1,9.806451612903226,10.0,10.0,1960.0,47.99
French Polynesia,Other,False,,unknown,False,0,0,0.47,4.08,17.97,59.76,88.34,96.85,14.06,45.11,,9.853603288367514,59.445,82.459,5.931,1.57,,,,,,1987.0,73.23599999999999
Gabon,Sub-Saharan Africa,True,France,catholic,True,0,1,0.0,0.0,0.51,24.29,43.95,48.98,0.16,3.59,8.105095215797249,8.784817392744904,46.443,67.073,4.422,3.831,229.0,51.0,-5.225806451612903,-3.125,3.0,,
Gambia,Sub-Saharan Africa,True,Britain,protestant,True,1,0,0.0,0.0,0.03,10.69,30.4,54.15,0.01,0.04,,6.508409374798563,34.574,64.418,6.246,4.248,361.0,64.7,0.41935483870967744,-5.1875,-5.0,,
Georgia,Europe & Central Asia,False,,orthodox,False,0,0,0.0,3.95,72.07,98.1,98.58,128.98,71.97,91.06,7.271158522860281,8.446686872316421,61.347,73.509,2.942,1.976,103.0,10.5,3.75,4.375,7.0,1996.0,98.78
Germany,Europe & Central Asia,False,,protestant,False,1,0,63.15,85.56,94.64,96.88,96.57,115.77,93.65,99.99,9.442003073264885,10.654263641133488,69.064073,81.041463,2.37,1.53,40.5,3.86,10.0,10.0,10.0,1963.0,96.786
Ghana,Sub-Saharan Africa,True,Britain,protestant,True,1,0,1.63,6.53,18.64,48.84,55.4,66.42,7.51,22.55,7.00375890193554,7.585887352410722,46.942,64.309,6.89,3.541,209.0,54.7,0.7419354838709677,5.1875,8.0,,
Greece,Europe & Central Asia,False,,orthodox,False,0,0,2.77,8.18,20.6,58.55,89.16,121.38,16.02,65.72,8.514341227430364,9.769210243670958,70.434317,81.287805,2.23,1.39,46.3,4.58,9.612903225806452,10.0,10.0,1960.0,29.47
Guatemala,Latin America & Caribbean,True,Spain,catholic,True,0,1,0.69,2.13,6.33,15.22,31.16,52.23,6.67,15.36,7.5414499788123015,8.295508354660438,45.76,69.971,6.999,2.47,221.0,29.0,3.838709677419355,7.6875,8.0,2010.0,42.84
Guinea,Sub-Saharan Africa,True,France,catholic,True,0,1,0.0,0.03,0.71,9.38,12.62,31.42,0.21,1.56,,6.851788875239312,36.623,59.35,6.112,4.489,348.0,107.0,-3.838709677419355,-0.875,4.0,,
Guinea-Bissau,Sub-Saharan Africa,False,Portugal,catholic,True,0,1,0.0,0.03,0.62,6.98,22.35,26.42,0.1,0.8,,6.565652400608246,37.554,61.343,5.921,4.075,324.0,91.2,-1.5161290322580645,3.625,6.0,,
Guyana,Latin America & Caribbean,True,Britain,protestant,True,1,0,5.33,16.64,32.72,65.54,83.0,92.64,29.79,60.99,7.913400371381745,9.10615805141829,57.51,67.751,6.331,2.491,92.1,33.1,0.967741935483871,6.0,7.0,2022.0,93.02
Haiti,Latin America & Caribbean,True,France,catholic,True,0,1,1.85,3.33,5.21,12.25,41.96,52.54,4.39,9.11,7.458778006961097,7.194209937219189,43.44,63.773,6.178,2.804,283.0,70.6,-0.5806451612903226,2.8125,0.0,,
Honduras,Latin America & Caribbean,True,Spain,catholic,True,0,1,1.46,2.28,3.92,14.28,26.75,48.37,4.11,10.73,5.336649415725659,7.691397285480679,47.149,70.864,7.458,2.577,209.0,19.5,6.032258064516129,6.75,7.0,2009.0,37.658
Hong Kong Special Administrative Region of China,Other,False,,unknown,False,0,0,0.0,0.38,13.94,50.21,92.26,139.49,7.31,31.85,,10.632274477636386,65.697122,85.496341,5.085,0.883,53.6,2.3,,,,1969.0,43.538000000000004
Hungary,Europe & Central Asia,False,,catholic,False,0,1,3.54,19.05,67.95,97.78,98.47,130.87,63.03,98.81,7.641917010882083,9.593171051180066,68.003171,75.419512,2.02,1.59,53.5,5.14,5.032258064516129,10.0,10.0,1966.0,95.026
Iceland,Europe & Central Asia,False,,protestant,False,1,0,1.0,79.35,99.98,99.95,99.96,107.76,99.97,99.99,9.56248520757097,10.867888356150228,74.040073,83.063415,4.29,1.72,21.4,2.18,,,,1966.0,99.938
India,South Asia,True,Britain,protestant,True,1,0,1.43,4.24,10.33,26.62,46.32,75.24,3.52,18.92,5.745493187749092,7.499147162821108,45.61,70.156,5.921,2.047,242.0,43.6,8.419354838709678,8.8125,9.0,2017.0,70.35
Indonesia,East Asia & Pacific,True,Netherlands,protestant,True,1,0,0.01,0.62,4.53,25.02,60.5,89.04,2.71,29.57,6.393146687140134,8.226693571001457,46.835,68.817,5.505,2.189,223.0,28.0,-1.4516129032258065,3.75,9.0,2017.0,81.60000000000001
Iran (Islamic Republic of),Middle East & North Africa,False,,muslim,False,0,0,0.0,0.15,4.74,29.41,65.88,86.62,3.26,12.46,7.7600879599332835,8.543411334037636,43.297,74.141,7.519,1.7,327.0,16.0,-4.064516129032258,-2.25,-7.0,2000.0,65.88
Iraq,Middle East & North Africa,False,Britain,muslim,True,0,0,0.0,0.19,4.05,25.18,35.58,51.44,0.92,11.53,6.9056787063969285,8.346167223694868,51.462,69.651,5.3,3.419,192.0,29.5,-8.5,-7.666666666666667,6.0,2018.0,48.275999999999996
Ireland,Europe & Central Asia,False,,catholic,False,0,1,5.88,16.2,36.76,75.23,96.24,136.6,41.87,98.94,9.050613081285098,11.301314364512384,70.194268,82.456098,3.78,1.63,35.3,3.83,10.0,10.0,10.0,1974.0,72.72200000000001
Israel,Middle East & North Africa,False,Britain,jewish,True,0,0,4.42,18.8,46.99,76.27,87.02,104.39,45.51,73.07,9.081459992886012,10.543643768797875,,82.64878,3.866,2.9,40.1,3.92,6.096774193548387,6.0,6.0,1974.0,75.856
Italy,Europe & Central Asia,False,,catholic,False,0,1,7.46,13.64,27.08,75.5,96.44,109.68,23.61,81.8,9.183092112535586,10.29112125263415,69.123902,82.195122,2.4,1.24,52.0,3.43,10.0,10.0,10.0,1964.0,46.32
Jamaica,Latin America & Caribbean,True,Britain,protestant,True,1,0,1.81,7.36,22.16,57.5,89.74,95.88,21.92,59.36,,8.578822757518735,63.828,71.452,5.538,1.383,82.4,15.9,9.419354838709678,9.0,9.0,1984.0,78.85
Japan,East Asia & Pacific,False,,none,False,0,0,0.41,60.09,99.31,99.88,99.92,99.89,99.13,99.74,8.762313960908667,10.452850152125682,67.69561,84.56,2.0,1.33,39.7,3.02,10.0,10.0,10.0,1964.0,92.534
Jordan,Middle East & North Africa,False,Britain,protestant,True,1,0,0.03,0.6,9.32,54.82,62.06,101.58,4.06,15.71,,8.244565102085867,52.678,75.583,7.599,2.791,156.0,17.7,-4.483870967741935,-2.25,-3.0,2012.0,73.63
Kazakhstan,Europe & Central Asia,False,,muslim,False,0,0,16.74,41.78,56.1,97.57,99.03,99.06,53.73,84.83,,9.26530533581814,57.946,71.195,4.495,3.13,107.0,11.9,-5.4,-6.0,-6.0,2012.0,99.006
Kenya,Sub-Saharan Africa,True,Britain,protestant,True,1,0,0.12,0.93,5.75,26.3,60.22,70.34,2.35,9.63,6.6757702820242395,7.3835757954133125,48.477,61.596,7.651,3.364,198.0,46.3,-0.5161290322580645,4.9375,9.0,,
Kiribati,East Asia & Pacific,False,Britain,protestant,True,1,0,0.92,3.66,11.34,31.23,60.77,87.62,2.79,22.8,,7.482707016920135,47.958,65.205,6.441,3.254,195.0,57.5,,,,,
Kuwait,Middle East & North Africa,False,Britain,muslim,True,0,0,0.07,1.49,14.7,59.55,57.09,87.66,7.33,20.72,,10.14806134308298,59.203341,78.760976,7.223,2.033,145.0,8.56,-7.733333333333333,-7.0,-7.0,1989.0,57.856
Kyrgyzstan,Europe & Central Asia,False,,muslim,False,0,0,0.14,5.38,51.92,97.95,98.96,98.8,49.33,72.95,,6.996982051420082,55.028585,71.8,5.309,3.1,139.0,22.3,-1.2,-0.75,7.0,2012.0,98.56
Lao People's Democratic Republic,East Asia & Pacific,False,France,catholic,True,0,1,0.0,0.16,1.81,10.85,23.55,48.72,0.36,14.27,,7.835874271157032,41.036,68.339,6.292,2.535,254.0,53.6,-7.0,-7.0,-7.0,,
Latvia,Europe & Central Asia,False,,protestant,False,1,0,48.69,68.92,84.31,99.33,98.5,116.32,82.45,97.88,,9.609165455298584,69.786829,75.185366,1.94,1.55,39.0,4.97,8.0,8.0,8.0,1961.0,94.218
Lebanon,Middle East & North Africa,False,France,catholic,True,0,1,0.01,0.39,9.25,44.85,75.93,86.84,4.77,23.04,,8.770412449179233,63.927,76.299,5.877,2.308,75.8,8.3,2.25,6.0,6.0,1991.0,67.67200000000001
Lesotho,Sub-Saharan Africa,False,Britain,protestant,True,1,0,0.32,1.2,3.75,13.21,30.74,49.16,2.25,9.6,5.571166586638942,6.851009386161339,50.171,55.133,5.784,2.846,189.0,92.5,0.7741935483870968,6.9375,8.0,,
Liberia,Sub-Saharan Africa,False,,none,False,0,0,0.04,0.44,4.39,24.18,30.64,34.64,1.54,7.63,7.8015200742772945,6.405270564582365,38.073,61.267,6.391,4.174,314.0,78.9,-0.8064516129032258,2.4375,6.0,,
Lithuania,Europe & Central Asia,False,,catholic,False,0,1,0.92,12.6,44.1,98.88,97.97,125.87,39.25,88.25,,9.766731266270243,69.847317,75.029268,2.56,1.36,48.7,4.9,10.0,10.0,10.0,1960.0,70.18
Luxembourg,Europe & Central Asia,False,,catholic,False,0,1,10.96,22.73,46.89,74.9,90.41,119.14,35.3,99.94,10.234989167022276,11.564324101990548,68.800561,82.143902,2.29,1.36,37.5,2.64,10.0,10.0,10.0,1968.0,70.042
Macao Special Administrative Region of China,Other,False,,unknown,False,0,0,0.0,0.13,5.9,46.42,88.84,93.92,2.28,28.24,,10.429805827657708,63.780756,84.129268,4.957,0.841,,,,,,1973.0,42.212
Madagascar,Sub-Saharan Africa,True,France,catholic,True,0,1,0.03,0.36,3.52,12.85,16.13,28.54,3.39,9.46,6.699808620224703,6.04719309681816,43.349,62.706,7.343,4.17,241.0,58.1,2.129032258064516,6.5,6.0,,
Malawi,Sub-Saharan Africa,False,Britain,protestant,True,1,0,0.56,2.11,6.17,21.35,38.7,60.99,2.53,12.1,5.562114465556132,6.326948949553062,34.986,65.216,7.042,3.877,367.0,59.2,-0.8387096774193549,5.6875,6.0,,
Malaysia,East Asia & Pacific,True,Britain,protestant,True,1,0,5.02,17.15,9.65,50.51,85.83,97.05,5.3,16.76,7.1438665898717,9.227341606877387,57.168,76.057,6.412,1.68,92.6,8.0,3.806451612903226,3.625,5.0,1987.0,76.18
Maldives,South Asia,False,Britain,muslim,True,0,0,0.0,0.0,0.12,5.7,44.47,105.22,0.04,0.51,,8.895027008612105,38.244,78.713,6.713,1.613,340.0,9.98,,,,1999.0,41.286
Mali,Sub-Saharan Africa,True,France,catholic,True,0,1,0.02,0.14,0.8,6.01,10.2,30.51,0.3,2.2,,6.771235914813409,30.459,58.858,7.019,5.85,423.0,109.0,0.7741935483870968,5.625,5.0,,
Malta,Europe & Central Asia,True,Britain,protestant,True,1,0,32.72,30.61,26.9,52.73,99.48,99.9,21.06,81.75,,10.235012582026432,68.344098,82.097561,3.62,1.13,40.7,6.99,,,,1968.0,44.124
Mauritius,Sub-Saharan Africa,False,Britain,protestant,True,1,0,0.14,2.15,11.89,30.75,54.21,85.59,3.94,24.28,7.261428795239856,9.157327286542781,58.461415,74.177073,5.897,1.44,102.0,14.3,9.935483870967742,10.0,10.0,1991.0,48.62800000000001
Mexico,Latin America & Caribbean,True,Spain,catholic,True,0,1,0.0,0.25,5.78,36.03,72.09,100.94,5.88,17.39,8.329849369414783,9.130717302067403,53.573,70.449,6.763,1.99,150.0,14.8,3.032258064516129,7.125,8.0,1993.0,67.01599999999999
Micronesia (Federated States of),East Asia & Pacific,False,,none,False,0,0,0.0,0.0,4.34,75.09,83.1,82.87,0.87,13.52,,7.99016065663105,54.195,65.878,6.742,2.852,117.0,33.9,,,,,
Mongolia,East Asia & Pacific,False,,buddhist,False,0,0,0.0,1.33,25.81,78.89,86.51,91.46,16.85,70.32,,8.310423382987342,44.531049,71.349024,6.817,2.9,228.0,18.6,3.870967741935484,9.9375,10.0,2013.0,90.05199999999999
Montenegro,Europe & Central Asia,False,,orthodox,False,0,0,0.0,1.84,40.71,92.03,97.49,111.88,25.01,74.59,,8.756517896950843,65.492195,75.931707,3.532,1.75,97.0,3.46,9.0,9.0,9.0,1969.0,82.60000000000001
Morocco,Middle East & North Africa,True,France,catholic,True,0,1,0.0,0.0,0.4,14.42,30.27,66.79,0.05,0.98,,8.036215741288459,41.73,73.133,6.887,2.32,237.0,25.5,-6.967741935483871,-6.1875,-4.0,2008.0,39.914
Mozambique,Sub-Saharan Africa,False,Portugal,catholic,True,0,1,0.11,0.41,1.35,4.91,13.86,25.6,0.8,4.0,,6.383175600368396,41.197,61.39,6.312,4.959,277.0,81.8,-0.5161290322580645,5.0,5.0,,
Myanmar,East Asia & Pacific,False,Britain,protestant,True,1,0,0.12,0.79,5.21,17.8,25.81,49.15,2.39,28.74,4.865779372745792,7.171129697687382,44.086,66.612,5.901,2.179,247.0,51.6,-6.193548387096774,-5.4375,2.0,,
Namibia,Sub-Saharan Africa,False,Britain,protestant,True,1,0,0.1,0.88,5.88,21.55,54.27,60.59,5.99,11.64,,8.239461301962828,48.529,64.071,6.243,3.349,123.0,44.9,6.0,6.0,6.0,,
Nepal,South Asia,False,,hindu,False,0,0,0.15,0.66,2.64,12.77,38.85,73.66,0.51,5.28,5.7904347983050055,6.938804414784913,38.652,69.106,6.069,2.051,322.0,36.4,1.3548387096774193,2.75,6.0,2022.0,76.152
Netherlands,Europe & Central Asia,False,,protestant,False,1,0,18.04,42.14,68.23,85.87,94.42,117.58,59.63,93.83,9.572896465501987,10.759743322613954,73.392683,81.358537,3.12,1.54,20.8,4.03,10.0,10.0,10.0,1960.0,76.92
New Caledonia,Other,False,,unknown,False,0,0,3.53,15.39,30.04,59.15,94.52,98.78,26.62,55.03,,,52.341,77.049,5.436,2.022,,,,,,1991.0,86.068
New Zealand,East Asia & Pacific,True,Britain,protestant,True,1,0,4.18,16.41,50.99,85.52,94.82,132.83,44.75,98.24,9.785803399053242,10.591257127886205,71.236585,82.256098,4.24,1.61,27.9,5.97,10.0,10.0,10.0,1965.0,76.02
Nicaragua,Latin America & Caribbean,True,Spain,catholic,True,0,1,0.04,0.42,3.52,20.69,36.6,54.84,2.7,12.37,7.421941120288449,7.575683011848466,46.399,70.766,7.159,2.299,194.0,18.8,4.451612903225806,8.25,9.0,2005.0,38.94
Niger,Sub-Saharan Africa,True,France,catholic,True,0,1,0.0,0.0,0.04,1.68,4.69,12.83,0.0,0.09,6.609900184363318,6.278885952464047,36.193,59.89,7.53,6.369,319.0,94.3,-0.16129032258064516,3.25,6.0,,
Nigeria,Sub-Saharan Africa,True,Britain,protestant,True,1,0,0.07,0.64,3.55,15.12,44.85,62.94,0.72,11.44,7.282748065430256,7.709167594007446,37.207,53.072,6.364,4.7,340.0,125.0,-0.3870967741935484,1.8125,7.0,,
Norway,Europe & Central Asia,False,,protestant,False,1,0,99.54,99.49,99.39,99.16,98.97,123.55,99.34,99.58,9.863155801733033,11.22906549168936,73.549756,83.209756,2.85,1.48,22.6,2.72,10.0,10.0,10.0,1960.0,99.33
Occupied Palestinian Territory,Other,False,,unknown,False,0,0,0.0,0.07,5.14,52.77,77.99,116.05,2.16,12.29,,7.980183747520707,,74.998,,3.511,188.0,21.7,,,,2019.0,111.008
Oman,Middle East & North Africa,False,Britain,muslim,True,0,0,0.02,0.24,2.4,22.6,62.24,85.96,1.56,3.21,7.764231621362981,9.783796278099674,35.429,77.763,7.277,2.638,371.0,11.2,-9.064516129032258,-8.4375,-8.0,2002.0,66.256
Pakistan,South Asia,True,Britain,protestant,True,1,0,0.77,2.52,7.36,19.87,37.33,53.55,2.39,11.88,6.0257738488089885,7.330409127302006,44.101,65.701,6.8,3.765,253.0,76.0,0.45161290322580644,0.3125,7.0,,
Panama,Latin America & Caribbean,True,Spain,catholic,True,0,1,3.62,7.42,17.71,47.41,66.58,98.17,19.75,42.76,7.84125264127042,9.445181847400645,60.278,76.33,5.829,2.184,89.5,16.9,4.419354838709677,9.0,9.0,1983.0,58.47
Paraguay,Latin America & Caribbean,True,Spain,catholic,True,0,1,1.11,3.08,10.06,23.59,47.55,69.02,9.25,25.32,7.318646580638173,8.717550469204564,60.197,72.72,6.5,2.497,82.4,22.2,2.3870967741935485,7.4375,9.0,2000.0,47.55
Peru,Latin America & Caribbean,True,Spain,catholic,True,0,1,1.95,6.28,18.03,49.64,74.1,106.56,15.16,41.38,7.902624076865687,8.671086166268992,50.597,73.832,6.941,2.056,227.0,16.1,5.451612903225806,5.5625,9.0,2000.0,74.1
Philippines,East Asia & Pacific,False,Spain,catholic,True,0,1,0.56,4.95,22.16,47.28,70.75,77.84,19.55,45.22,7.024455150450159,8.070489408238535,59.175,70.097,6.996,2.075,104.0,30.1,4.870967741935484,8.0,8.0,2017.0,76.322
Poland,Europe & Central Asia,False,,catholic,False,0,1,13.07,50.44,89.0,99.57,99.67,118.03,87.4,99.98,,9.621802319313556,67.680488,76.4,2.98,1.39,65.0,4.86,4.290322580645161,9.5625,10.0,1966.0,98.78600000000002
Portugal,Europe & Central Asia,False,,catholic,False,0,1,0.2,1.77,9.3,32.12,76.77,112.74,7.51,12.14,8.31065285940325,9.892361585519998,64.007463,81.329268,3.16,1.42,114.0,3.66,9.935483870967742,10.0,10.0,1977.0,35.480000000000004
Puerto Rico,Other,False,,unknown,False,0,0,1.09,10.05,41.19,80.54,92.35,117.46,39.26,66.88,8.749479982507872,10.245115131727587,68.627,80.009,4.796,0.922,,,,,,1967.0,67.68
Qatar,Middle East & North Africa,False,Britain,muslim,True,0,0,0.06,0.86,10.42,43.64,53.95,58.71,8.02,13.92,,10.964217680942514,57.773,80.409,6.531,1.675,138.0,7.83,-10.0,-10.0,-10.0,1995.0,52.45
Republic of Korea,East Asia & Pacific,False,Japan,none,True,0,0,0.32,4.39,24.81,77.14,99.44,127.67,11.52,59.8,6.944789942931564,10.410784855883882,53.797561,83.426829,5.994,0.837,112.0,3.5,4.096774193548387,7.625,8.0,1987.0,95.916
Republic of Moldova,Europe & Central Asia,False,,orthodox,False,0,0,0.0,0.0,27.42,95.53,96.91,98.08,21.82,77.75,,8.067436613362418,59.44,69.914,3.315,1.77,92.2,16.3,7.5,8.0,9.0,2010.0,97.6
Romania,Europe & Central Asia,False,,orthodox,False,0,0,1.95,18.53,50.03,92.73,94.13,118.63,44.62,96.72,,9.292293508878688,65.860537,74.253659,2.34,1.8,95.2,9.21,2.7096774193548385,8.25,9.0,1998.0,95.00999999999999
Russian Federation,Europe & Central Asia,False,,orthodox,False,0,0,0.01,1.74,69.73,97.68,98.57,120.96,67.44,99.1,,9.17287992891805,67.526122,71.33878,2.52,1.505,59.9,8.53,4.421052631578948,4.5625,4.0,2012.0,98.328
Rwanda,Sub-Saharan Africa,False,Belgium,catholic,True,0,1,0.0,0.04,0.48,2.39,9.47,27.28,0.12,1.27,5.8154447991405815,6.7170683998411125,47.022,66.953,8.283,3.913,220.0,41.3,-5.516129032258065,-4.1875,-3.0,,
Saint Lucia,Latin America & Caribbean,False,,unknown,False,0,0,0.31,2.0,7.89,30.31,69.48,109.33,6.29,52.49,,9.033516668372558,57.865,72.308,6.767,1.411,132.0,17.8,,,,1989.0,46.598
Saint Vincent and the Grenadines,Latin America & Caribbean,False,,unknown,False,0,0,0.0,0.26,6.42,27.07,52.72,77.16,5.64,64.64,7.543401774898871,8.985914313476103,58.566,69.605,7.247,1.83,129.0,18.0,,,,1986.0,36.206
Samoa,East Asia & Pacific,False,Britain,protestant,True,1,0,0.23,1.57,8.94,38.57,67.6,96.33,7.97,91.85,,8.362423902790004,55.153,70.727,7.779,4.002,135.0,17.2,,,,,
Sao Tome and Principe,Sub-Saharan Africa,False,Portugal,catholic,True,0,1,0.0,0.0,0.28,9.82,21.35,48.42,0.34,0.6,,7.266017797157741,43.564,67.979,6.242,3.827,144.0,35.1,,,,,
Saudi Arabia,Middle East & North Africa,False,,muslim,False,0,0,0.0,0.12,5.06,37.08,63.86,104.0,0.59,7.75,9.682796708749146,10.035728760430151,45.31,77.596,7.626,2.27,242.0,8.54,-10.0,-10.0,-10.0,2003.0,70.346
Senegal,Sub-Saharan Africa,True,France,catholic,True,0,1,0.0,0.09,1.38,11.59,13.49,32.96,0.35,4.12,7.04838826710417,7.2165563450279215,39.668,67.496,6.996,4.003,296.0,50.1,2.032258064516129,4.9375,7.0,,
Serbia,Europe & Central Asia,False,,orthodox,False,0,0,10.74,24.98,34.53,89.11,97.39,99.45,25.14,65.29,,8.832145150773377,65.589854,74.478049,2.155,1.48,108.0,6.28,8.0,8.0,8.0,1967.0,74.27
Sierra Leone,Sub-Saharan Africa,True,Britain,protestant,True,1,0,0.01,0.17,1.45,11.44,18.0,54.87,0.53,2.49,6.784521664623289,6.917956020064205,33.09,59.694,6.175,4.08,393.0,122.0,-1.6774193548387097,3.25,7.0,,
Singapore,East Asia & Pacific,True,Britain,protestant,True,1,0,0.01,0.63,13.36,66.93,97.03,99.52,7.72,27.47,8.192004082505488,10.988502884411568,65.562195,83.543902,5.76,1.1,47.7,2.72,-3.6129032258064515,-3.25,-2.0,1974.0,64.76400000000001
Slovakia,Europe & Central Asia,False,,catholic,False,0,1,79.24,90.57,99.77,99.89,99.85,116.35,99.82,100.0,,9.78492113176999,70.26978,76.865854,3.04,1.59,41.5,6.06,,,,1960.0,99.8
Slovenia,Europe & Central Asia,False,,catholic,False,0,1,3.61,21.22,67.35,95.43,99.34,112.75,65.83,99.48,,10.035033446474527,68.978049,80.531707,2.185,1.59,23.9,2.48,10.0,10.0,10.0,1974.0,94.83200000000001
Solomon Islands,East Asia & Pacific,False,Britain,protestant,True,1,0,0.07,0.51,2.32,12.87,34.78,55.75,1.31,14.03,,7.565614655911274,47.683,69.258,7.065,3.749,189.0,22.0,6.866666666666666,6.4,8.0,2022.0,58.126
Somalia,Sub-Saharan Africa,False,Italy,catholic,True,0,1,0.05,0.35,2.18,9.56,18.11,24.87,0.63,2.37,5.764641820295393,6.13743987246477,43.543,57.095,7.25,6.453,273.0,133.0,-2.4838709677419355,0.0,5.0,,
South Africa,Sub-Saharan Africa,True,Britain,protestant,True,1,0,2.9,9.42,23.29,38.15,79.82,96.27,17.99,35.72,8.292407491764193,8.625075793877656,52.575,65.15,6.105,2.257,191.0,37.7,7.0,9.0,9.0,,
South Sudan,Sub-Saharan Africa,False,,unknown,False,0,0,0.33,0.91,2.33,5.81,14.53,25.45,0.98,8.33,,,28.054,57.648,7.161,4.16,357.0,98.6,,,0.0,,
Spain,Europe & Central Asia,False,,catholic,False,0,1,0.26,3.86,22.31,71.74,91.34,119.85,19.12,51.67,8.745897569275249,10.129707163244888,69.109268,82.231707,2.86,1.18,56.8,3.28,9.935483870967742,10.0,10.0,1964.0,45.86200000000001
Sri Lanka,South Asia,True,Britain,protestant,True,1,0,10.28,15.28,22.35,54.41,80.97,92.7,18.4,39.97,,8.349302957077343,60.602,76.928,5.352,2.007,97.8,8.75,5.161290322580645,5.1875,6.0,1993.0,71.894
Sudan,Sub-Saharan Africa,True,Britain,protestant,True,1,0,0.08,0.49,2.59,13.49,33.93,41.49,1.44,2.89,6.747272418817113,6.963062017417724,49.566,65.124,6.663,4.542,177.0,66.3,-4.354838709677419,-5.0625,,,
Suriname,Latin America & Caribbean,False,Netherlands,protestant,True,1,0,0.9,5.02,19.57,50.37,70.03,86.05,13.06,58.68,8.278956648779348,8.883655159191104,56.595,72.321,6.59,2.314,92.2,20.9,2.161290322580645,5.0,5.0,2011.0,80.154
Swaziland,Other,False,,unknown,False,0,0,0.0,0.04,1.74,23.85,48.2,49.22,0.76,8.26,,8.191287665864692,46.389,59.862,6.752,2.888,211.0,62.9,-7.483870967741935,-7.0,-7.0,,
Sweden,Europe & Central Asia,False,,protestant,False,1,0,1.6,8.39,43.11,94.16,97.08,127.92,44.56,99.95,9.729869461899366,10.851753217474977,73.00561,82.356098,2.17,1.67,19.6,2.87,10.0,10.0,10.0,1960.0,65.04
Switzerland,Europe & Central Asia,False,,protestant,False,1,0,34.49,53.3,77.23,90.76,94.98,111.92,71.19,95.55,10.594313639616534,11.346126959300332,71.313415,83.0,2.44,1.46,26.5,4.32,10.0,10.0,10.0,1960.0,84.36
Syrian Arab Republic,Middle East & North Africa,False,France,catholic,True,0,1,0.09,0.68,4.99,22.93,32.61,60.15,1.91,9.67,6.248296430368162,6.607746067932848,52.723,71.944,7.505,2.837,172.0,17.3,-7.935483870967742,-6.9375,-9.0,2005.0,37.0
Taiwan Province of China,East Asia & Pacific,False,Japan,none,True,0,0,0.02,1.92,17.75,61.98,98.51,135.94,8.29,57.86,,,,,,,88.0,4.93,3.7096774193548385,9.25,10.0,,
Tajikistan,Europe & Central Asia,False,,muslim,False,0,0,0.01,1.57,39.35,94.28,95.96,99.29,29.23,81.33,,7.066382730240755,52.535,68.605,6.235,3.211,196.0,37.9,-3.3,-2.875,-3.0,2016.0,96.49000000000001
Thailand,East Asia & Pacific,False,,buddhist,False,0,0,0.12,1.7,6.59,23.84,68.3,92.88,4.38,66.84,6.384292871327221,8.705361999169616,50.608,77.331,6.325,1.259,146.0,10.5,5.032258064516129,6.5625,-3.0,1996.0,57.56400000000001
The former Yugoslav Republic of Macedonia,Other,False,,unknown,False,0,0,0.0,0.11,11.51,72.79,92.91,96.89,5.94,24.99,,8.65586349364731,60.501732,74.395122,3.826,1.31,111.0,12.3,,,,1984.0,85.364
Timor-Leste,East Asia & Pacific,False,Portugal,catholic,True,0,1,0.87,1.59,1.89,7.9,45.87,74.84,1.61,2.15,,7.574476308854926,32.402,66.919,6.319,3.011,327.0,51.0,,,,,
Togo,Sub-Saharan Africa,True,France,catholic,True,0,1,0.02,0.17,1.1,12.16,19.21,40.53,0.36,4.37,6.1077856413152025,6.694934139043027,43.536,61.123,6.797,4.386,270.0,76.8,-4.290322580645161,-2.625,-2.0,,
Tonga,East Asia & Pacific,False,Britain,protestant,True,1,0,1.81,9.74,29.1,56.36,90.89,96.52,28.7,90.43,,8.443978775522185,58.315,72.379,6.651,3.234,93.8,16.8,,,,2014.0,94.928
Trinidad and Tobago,Latin America & Caribbean,True,Britain,protestant,True,1,0,0.31,2.81,16.06,49.49,85.84,98.73,12.49,53.52,8.363944142564248,9.660138816158982,62.505,72.645,5.405,1.572,67.5,20.2,8.225806451612904,9.0,9.0,2004.0,90.976
Tunisia,Middle East & North Africa,True,France,catholic,True,0,1,0.0,0.0,0.38,24.6,52.07,96.55,0.17,1.41,,8.229316010598724,44.049,75.004,7.157,2.0,288.0,17.2,-5.0,-3.5625,7.0,1993.0,41.768
Turkey,Other,False,,none,False,0,0,0.0,0.1,3.78,29.44,68.61,95.9,2.66,32.31,7.8036358211994745,9.420491391338885,50.799,76.525,6.383,1.77,258.0,12.6,6.225806451612903,7.125,3.0,1996.0,65.226
Turkmenistan,Europe & Central Asia,False,,muslim,False,0,0,0.22,8.51,62.3,97.01,99.24,99.97,58.03,87.39,,8.848669005107686,52.149,68.846,6.59,2.793,186.0,50.7,-8.95,-9.0,-8.0,2022.0,99.95400000000001
Uganda,Sub-Saharan Africa,True,Britain,protestant,True,1,0,0.09,0.93,3.56,9.13,19.59,42.21,1.79,9.11,,6.8211456743620875,45.633,66.41,6.905,4.621,223.0,54.8,-2.838709677419355,-2.875,-1.0,,
Ukraine,Europe & Central Asia,False,,orthodox,False,0,0,0.0,0.01,26.61,98.99,99.39,99.97,23.33,77.84,,7.751091339795123,69.388,73.283,2.285,1.208,53.6,9.5,6.45,6.5625,4.0,1961.0,75.47800000000001
United Arab Emirates,Middle East & North Africa,False,Britain,muslim,True,0,0,0.49,2.46,14.19,61.58,72.79,90.88,9.09,18.1,,10.593591969281883,50.651,81.936,6.499,1.289,200.0,7.83,,,,1995.0,65.23
United Kingdom of Great Britain and Northern Ireland,Europe & Central Asia,False,,protestant,False,1,0,99.0,99.04,99.2,99.56,99.77,128.83,99.13,99.92,9.637151271449625,10.66854747662798,71.126829,80.331756,2.69,1.571,26.6,4.45,10.0,10.0,10.0,1960.0,99.31
United Republic of Tanzania,Sub-Saharan Africa,True,Britain,protestant,True,1,0,0.01,0.05,1.39,7.79,12.2,36.47,0.58,7.67,6.726823674157232,6.948186455382939,42.596,66.771,6.536,4.801,243.0,59.1,-3.3225806451612905,-1.0,3.0,,
United States of America,North America,True,Britain,protestant,True,1,0,21.41,49.33,82.07,94.62,95.22,120.23,83.96,94.49,9.846872650478652,10.98858672419527,69.770732,76.980488,3.654,1.6415,30.1,6.8,10.0,10.0,10.0,1961.0,89.75200000000001
Uruguay,Latin America & Caribbean,True,Spain,catholic,True,0,1,0.04,1.43,15.71,50.62,64.51,78.63,16.3,45.28,8.799991956055209,9.70767724014141,67.683,78.381,2.827,1.497,63.6,8.85,7.129032258064516,10.0,10.0,1976.0,51.662000000000006
Vanuatu,East Asia & Pacific,False,Britain,protestant,True,1,0,0.02,0.34,3.73,20.46,36.18,55.64,1.54,9.7,,7.927277818101181,49.841,70.385,6.784,3.738,154.0,28.6,,,,2022.0,58.236000000000004
Venezuela (Bolivarian Republic of),Latin America & Caribbean,True,Spain,catholic,True,0,1,0.52,5.26,17.23,51.36,77.26,89.41,14.71,44.06,8.310918042011364,7.13518772462619,58.376,72.369,6.382,2.116,79.2,19.4,7.0,5.3125,4.0,1988.0,67.244
Viet Nam,East Asia & Pacific,True,France,catholic,True,0,1,0.03,0.99,9.29,45.95,58.84,99.22,2.07,28.84,,8.102637740453199,58.046,75.383,6.273,1.957,101.0,21.8,-7.0,-7.0,-7.0,1993.0,50.054
Yemen,Middle East & North Africa,False,Britain,muslim,True,0,0,0.0,0.0,0.0,0.4,19.6,68.36,0.0,0.03,,,33.462,66.435,7.988,4.6,418.0,55.0,-1.7142857142857142,-2.0,0.0,,
Zambia,Sub-Saharan Africa,False,Britain,protestant,True,1,0,9.71,14.75,22.62,31.4,41.35,50.34,7.81,33.17,7.079777816646565,7.113740464672733,50.648,63.361,6.947,4.323,206.0,64.6,-0.25806451612903225,4.1875,7.0,,
Zimbabwe,Sub-Saharan Africa,False,Britain,protestant,True,1,0,0.53,2.89,14.0,33.45,72.07,72.08,14.76,19.9,7.041016675035865,7.115435351806798,53.492,61.53,7.195,3.754,151.0,54.3,-2.967741935483871,-3.75,4.0,,
